-- VTuber事務所
INSERT INTO favorite_vtuber.m_offices (id, office_name) VALUES
(1, 'ホロライブ');

-- VTuberタグ
INSERT INTO favorite_vtuber.m_vtuber_tags (id, office_id, tag, tag_name) VALUES
(1, 1, 'gen-0', 'ホロライブ0期生'),
(2, 1, '1stgen', 'ホロライブ1期生'),
(3, 1, 'gen-2', 'ホロライブ2期生'),
(4, 1, 'gamers', 'ホロライブゲーマーズ'),
(5, 1, 'gen-3', 'ホロライブ3期生'),
(6, 1, 'gen-4', 'ホロライブ4期生'),
(7, 1, 'gen-5', 'ホロライブ5期生'),
(8, 1, 'holox', '秘密結社holoX'),
(9, 1, 'regloss', 'ReGLOSS'),
(10, 1, 'tag_office-staff', '事務所スタッフ');

-- VTuber情報
INSERT INTO favorite_vtuber.m_vtubers (id, office_id, name_ja, name_en, tag_id1, tag_id2, image_filename, thumbnail_filename, catch_text, introduction_video_url, youtube_url, twitter_url, recommended_video1, recommended_video2, recommended_video3) VALUES
(1, 1, 'ときのそら', 'Tokino Sora', 1, NULL, 'h1.png', 'h1_t.png', '「そらとものみんなー！元気ー？ときのそらです！」', 
'https://hololive.hololivepro.com/wp-content/uploads/2021/05/0_そら.mp4', 'https://www.youtube.com/channel/UCp6993wxpyDPHUpavwDFqgg?sub_confirmation=1', 'https://twitter.com/tokino_sora', 'https://www.youtube.com/watch?v=NT6Pf28eCgQ', 'https://www.youtube.com/watch?v=ZXF1SzAtFj8','https://www.youtube.com/watch?v=LPEE4MMDieo'),
(2, 1, 'ロボ子さん', 'Robocosan', 1, NULL, 'h2.png', 'h2_t.png', '「はろーぼー！ロボ子だよー」', 
'https://hololive.hololivepro.com/wp-content/uploads/2023/06/little-bit.mp4', 'https://www.youtube.com/channel/UCDqI2jOz0weumE8s7paEk6g?sub_confirmation=1', 'https://twitter.com/robocosan', 'https://www.youtube.com/watch?v=K8n-pGOrpzc', 'https://www.youtube.com/watch?v=inHAAbWA3Jk','https://www.youtube.com/watch?v=_WuSd5M7va4'),
(3, 1, 'AZKi', NULL, 1, NULL, 'h3.png', 'h3_t.png', '「Virtual Diva AZKi 仮想世界の歌姫！音楽と歌うことが大好き！」', 
NULL, 'https://www.youtube.com/channel/UC0TXe_LYZ4scaW2XMyi5_kw?sub_confirmation=1', 'https://twitter.com/AZKi_VDiVA', 'https://www.youtube.com/watch?v=IsTij69xLBc', 'https://www.youtube.com/watch?v=z7EC1VM9L-U','https://www.youtube.com/watch?v=JaTS4xhV7b8'),
(4, 1, 'さくらみこ', 'Sakura Miko', 1, NULL, 'h4.png', 'h4_t.png', '「にゃっはろ～！ホロライブ所属のエリート巫女アイドルさくらみこですっ！」', 
'https://hololive.hololivepro.com/wp-content/uploads/2021/04/gif%E5%8B%95%E7%94%BB.gif', 'https://www.youtube.com/channel/UC-hM6YJuNYVAmUWxeIr9FeA?sub_confirmation=1', 'https://twitter.com/sakuramiko35', 'https://www.youtube.com/watch?v=X9zw0QF12Kc', 'https://www.youtube.com/watch?v=HiLnCY9qjSo','https://www.youtube.com/watch?v=P3kv98KtlFg'),
(5, 1, '星街すいせい', 'Hoshimachi Suisei', 1, NULL, 'h5.png', 'h5_t.png', '「彗星の如く現れたスターの原石！アイドルVTuberの星街すいせいです！」', 
'https://hololive.hololivepro.com/wp-content/uploads/2021/05/0_すいせい.mp4', 'https://www.youtube.com/channel/UC5CwaMl1eIgY8h02uZw7u8A?sub_confirmation=1', 'https://twitter.com/suisei_hosimati', 'https://www.youtube.com/watch?v=zLak0dxBKpM', 'https://www.youtube.com/watch?v=vQHVGXdcqEQ','https://www.youtube.com/watch?v=ZfDYRy17CBY'),
(6, 1, 'アキ・ローゼンタール', 'Aki Rosenthal', 2, NULL, 'h6.png', 'h6_t.png', '「アローナ！癒し系ハーフエルフお姉さん、アキロゼと一緒に乾杯しよ？」', 
'https://hololive.hololivepro.com/wp-content/uploads/2021/04/GIF本完成.gif', 'https://www.youtube.com/channel/UCFTLzh12_nrtzqBPsTCqenA?sub_confirmation=1', 'https://twitter.com/akirosenthal', 'https://www.youtube.com/watch?v=Ii7rtNaGlls', NULL,NULL),
(7, 1, '赤井はあと', 'Akai Haato', 2, NULL, 'h7.png', 'h7_t.png', '「こんるーじゅ！赤井はあとよ！」', 
'https://hololive.hololivepro.com/wp-content/uploads/2021/05/1_はあと.mp4', 'https://www.youtube.com/channel/UC1CfXB_kRs3C-zaeTG3oGyg?sub_confirmation=1', 'https://twitter.com/akaihaato', 'https://www.youtube.com/watch?v=zXzsdzFR4BA', NULL,NULL),
(8, 1, '白上フブキ', 'Shirakami Fubuki', 2, 4, 'h8.png', 'h8_t.png', '「こんこんきーつね！白上フブキです！」', 
'https://hololive.hololivepro.com/wp-content/uploads/2021/05/1_フブキ.mp4', 'https://www.youtube.com/channel/UCdn5BQ06XqgXoAxIhbqw5Rg?sub_confirmation=1', 'https://twitter.com/shirakamifubuki', 'https://www.youtube.com/watch?v=eO1jo_onIEg', 'https://www.youtube.com/watch?v=qvIZWqp-TMY',NULL),
(9, 1, '夏色まつり', 'Natsuiro Matsuri', 2, NULL, 'h9.png', 'h9_t.png', '「わっしょ～い！ホロライブの清楚担当みんなのアイドル夏色まつりです！」', 
'https://hololive.hololivepro.com/wp-content/uploads/2021/05/1_まつり.mp4', 'https://youtube.com/channel/UCQ0UDLQCjY0rmuxCDE38FGg?sub_confirmation=1', 'https://twitter.com/natsuiromatsuri', NULL, NULL,NULL),
(10, 1, '湊あくあ', 'Minato Aqua', 3, NULL, 'h10.png', 'h10_t.png', '「皆さんどうもこんあくあ～！バーチャルアイドル ゲーマー猫耳メイドの湊あくあで～す！！」', 
'https://hololive.hololivepro.com/wp-content/uploads/2021/05/2_あくあ.mp4', 'https://www.youtube.com/channel/UC1opHUrw8rvnsadT-iGp7Cg?sub_confirmation=1', 'https://twitter.com/minatoaqua', 'https://www.youtube.com/watch?v=6bnaBnd4kyU', 'https://www.youtube.com/watch?v=O8v5S1nhKzo','https://www.youtube.com/watch?v=aGlY6Ueaco0'),
(11, 1, '紫咲シオン', 'Murasaki Shion', 3, NULL, 'h11.png', 'h11_t.png', '「こんしお～、紫咲シオンだよ」', 
'https://hololive.hololivepro.com/wp-content/uploads/2020/10/829524_727810.gif', 'https://www.youtube.com/channel/UCXTpFs_3PqI41qX2d9tL2Rw?sub_confirmation=1', 'https://twitter.com/murasakishionch', 'https://www.youtube.com/watch?v=OZmYNcs7-wo', NULL,NULL),
(12, 1, '百鬼あやめ', 'Nakiri Ayame', 3, NULL, 'h12.png', 'h12_t.png', '「人間様たちこんなきりー！やほ～～！」', 
'https://hololive.hololivepro.com/wp-content/uploads/2021/05/2_あやめ.mp4', 'https://www.youtube.com/channel/UC7fk0CB07ly8oSl0aqKkqFg?sub_confirmation=1', 'https://twitter.com/nakiriayame', 'https://www.youtube.com/watch?v=ClrzryIkpTA', 'https://www.youtube.com/watch?v=jHd7SPreuAQ','https://www.youtube.com/watch?v=c9VYairGvn4?t=1078'),
(13, 1, '癒月ちょこ', 'Yuzuki Choco', 3, NULL, 'h13.png', 'h13_t.png', '「Good evening!my cute students.ちょっこーん！」', 
'https://hololive.hololivepro.com/wp-content/uploads/2020/10/366159_806304.gif', 'https://www.youtube.com/channel/UC1suqwovbL1kzsoaZgFZLKg?sub_confirmation=1', 'https://twitter.com/yuzukichococh', 'https://www.youtube.com/watch?v=n9DqvVNBdVI', NULL,NULL),
(14, 1, '大空スバル', 'Oozora Subaru', 3, NULL, 'h14.png', 'h14_t.png', '「ちわーす！ホロライブ2期生大空スバルっス！！」', 
'https://hololive.hololivepro.com/wp-content/uploads/2021/04/GIF.gif', 'https://www.youtube.com/channel/UCvzGlP9oQwU--Y0r9id_jnA?sub_confirmation=1', 'https://twitter.com/oozorasubaru', NULL, NULL,NULL),
(15, 1, '大神ミオ', 'Ookami Mio', 4, NULL, 'h15.png', 'h15_t.png', '「こんばんみぉーん！大神ミオだよ～！」', 
'https://hololive.hololivepro.com/wp-content/uploads/2021/05/g_ミオ.mp4', 'https://www.youtube.com/channel/UCp-5t9SrOQwXMU7iIjQfARg?sub_confirmation=1', 'https://twitter.com/ookamimio', 'https://www.youtube.com/watch?v=XoaUBfmG8Ow', NULL,NULL),
(16, 1, '猫又おかゆ', 'Nekomata Okayu', 4, NULL, 'h16.png', 'h16_t.png', '「もぐもぐ～おかゆ～！」', 
'https://hololive.hololivepro.com/wp-content/uploads/2024/04/Nekomata-Okayu_movie.mp4', 'https://www.youtube.com/channel/UCvaTdHTWBGv3MKj3KVqJVCw?sub_confirmation=1', 'https://twitter.com/nekomataokayu', 'https://www.youtube.com/watch?v=P9auWa9ON1o', 'https://www.youtube.com/watch?v=G_L6m4Ww1DI','https://www.youtube.com/watch?v=IHkPvsE5gUI'),
(17, 1, '戌神ころね', 'Inugami Korone', 4, NULL, 'h17.png', 'h17_t.png', '「ぉぁよ～！ゆびゆび～」', 
'https://hololive.hololivepro.com/wp-content/uploads/2020/10/368714_768061.gif', 'https://www.youtube.com/channel/UChAnqc_AY5_I3Px5dig3X1Q?sub_confirmation=1', 'https://twitter.com/inugamikorone', 'https://www.youtube.com/watch?v=I9m2C_Vx1j4', 'https://www.youtube.com/watch?v=5wCvCFEUzmc',NULL),
(18, 1, '兎田ぺこら', 'Usada Pekora', 5, NULL, 'h18.png', 'h18_t.png', '「こんぺこ！こんぺこ！こんぺこー！兎田ぺこらぺこ～！どうも〜どうも〜」', 
'https://hololive.hololivepro.com/wp-content/uploads/2021/05/3_ぺこら.mp4', 'https://www.youtube.com/channel/UC1DCedRgGHBdm81E1llLhOQ?sub_confirmation=1', 'https://twitter.com/usadapekora', 'https://www.youtube.com/watch?v=7k-r7P9TXdQ', 'https://www.youtube.com/watch?v=yy8asHUr9vQ','https://www.youtube.com/watch?v=AAr2lHZLNyU'),
(19, 1, '不知火フレア', 'Shiranui Flare', 5, NULL, 'h19.png', 'h19_t.png', '「こんぬいー！ホロライブ3期生の不知火フレアだよ！」', 
'https://www.youtube.com/channel/UCvInZx9h3jC2JzsIzoOebWg?sub_confirmation=1', 'https://twitter.com/shiranuiflare', 'https://www.youtube.com/watch?v=3y8oIuEkqQs', 'https://www.youtube.com/watch?v=ogiRp9DaSP8', 'https://www.youtube.com/watch?v=ZMlPAsIJslA&t=2743s',NULL),
(20, 1, '白銀ノエル', 'Shirogane Noel', 5, NULL, 'h20.png', 'h20_t.png', '「こんまっする～！鉄の胃袋大魔神！ 白銀聖騎士団の団長、白銀ノエルです！」', 
'https://hololive.hololivepro.com/wp-content/uploads/2022/07/MOVIE.mp4', 'https://www.youtube.com/channel/UCdyqAaZDKHXg4Ahi7VENThQ?sub_confirmation=1', 'https://twitter.com/shiroganenoel', 'https://www.youtube.com/watch?v=Pt4GlDfYwa0', 'https://www.youtube.com/watch?v=_gb44X05LsU',NULL),
(21, 1, '宝鐘マリン', 'Houshou Marine', 5, NULL, 'h21.png', 'h21_t.png', '「Ahoy!宝鐘海賊団船長！宝鐘マリンです～！」「ヨーソロー」', 
'https://hololive.hololivepro.com/wp-content/uploads/2023/03/Houshou-Marine_megane_movie.mp4', 'https://www.youtube.com/channel/UCCzUftO8KOVkV4wQG1vkUvg?sub_confirmation=1', 'https://twitter.com/houshoumarine', 'https://www.youtube.com/watch?v=3LaDuoHDC_g', 'https://www.youtube.com/watch?v=WSDkNw2c4A8','https://www.youtube.com/watch?v=Ry0lMtQQEHI'),
(22, 1, '天音かなた', 'Amane Kanata', 6, NULL, 'h22.png', 'h22_t.png', '「へい！みんなこんかなた～！」', 
'https://hololive.hololivepro.com/wp-content/uploads/2023/04/Amane-Kanata_pr-movie.mp4', 'https://www.youtube.com/channel/UCZlDXzGoo7d44bwdNObFacg?sub_confirmation=1', 'https://twitter.com/amanekanatach', 'https://www.youtube.com/watch?v=szUbg1Yar5c', 'https://www.youtube.com/watch?v=c5czz3xhwTw','https://www.youtube.com/watch?v=FOjfhbv-t6k'),
(23, 1, '角巻わため', 'Tsunomaki Watame', 6, NULL, 'h23.png', 'h23_t.png', '「こんばんドドド～！」「わためは悪くないよねぇ？」', 
'https://hololive.hololivepro.com/wp-content/uploads/2021/03/210328_角巻わため_GIF.gif', 'https://www.youtube.com/channel/UCqm3BQLlJfvkTsX_hvm0UmA?sub=confirmation=1', 'https://twitter.com/tsunomakiwatame', 'https://www.youtube.com/watch?v=DGun2cWbPEM', 'https://www.youtube.com/watch?v=j5n1zqsvfXo','https://www.youtube.com/watch?v=TgiT1DQe_io&t=1977s'),
(24, 1, '常闇トワ', 'Tokoyami Towa', 6, NULL, 'h24.png', 'h24_t.png', '「こんやっぴーホロライブ4期生常闇トワ様です」', 
'https://hololive.hololivepro.com/wp-content/uploads/2022/03/4_トワ_2.mp4', 'https://www.youtube.com/channel/UC1uv2Oq6kNxgATlCiez59hw?sub_confirmation=1', 'https://twitter.com/tokoyamitowa', 'https://www.youtube.com/watch?v=Ud73fm4Uoq0', 'https://www.youtube.com/watch?v=Zc05le75CfI','https://www.youtube.com/watch?v=pSg-0zUrbMQ'),
(25, 1, '姫森ルーナ', 'Himemori Luna', 6, NULL, 'h25.png', 'h25_t.png', '「みんな～、おりゅ～？」', 
'https://hololive.hololivepro.com/wp-content/uploads/2021/09/4_ルーナ-1.mp4-1.mp4', 'https://www.youtube.com/channel/UCa9Y57gfeY0Zro_noHRVrnw?sub_confirmation=1', 'https://twitter.com/himemoriluna', 'https://www.youtube.com/watch?v=DkGOA3Xhr9s', 'https://www.youtube.com/watch?v=vlqVuLuZl00','https://www.youtube.com/watch?v=Tf9BTiIHGVw'),
(26, 1, '雪花ラミィ', 'Yukihana Lamy', 7, NULL, 'h26.png', 'h26_t.png', '「おはらみです、こんらみです」', 
'https://hololive.hololivepro.com/wp-content/uploads/2021/08/lamy_profile_movie.mp4', 'https://www.youtube.com/channel/UCFKOVgVbGmX65RxO3EtH3iw?sub_confirmation=1', 'https://twitter.com/yukihanalamy', 'https://www.youtube.com/watch?v=wIOrGqv3-RU', NULL,NULL),
(27, 1, '桃鈴ねね', 'Momosuzu Nene', 7, NULL, 'h27.png', 'h27_t.png', '「こんねね～！ホロライブ5期生オレンジ担当、 アイドルVTuberの桃鈴ねねで～す！」', 
'https://hololive.hololivepro.com/wp-content/uploads/2021/05/5_ねね.mp4', 'https://www.youtube.com/channel/UCAWSyEs_Io8MtpY3m-zqILA?sub_confirmation=1', 'https://twitter.com/momosuzunene', 'https://www.youtube.com/watch?v=YeUkeAq1Dqg?t=290', 'https://www.youtube.com/watch?v=U0QN3JCHWbw?t=141','https://www.youtube.com/watch?v=K35AflEvvc8'),
(28, 1, '獅白ぼたん', 'Shishiro Botan', 7, NULL, 'h28.png', 'h28_t.png', '「ららーいおん♪」「ほならな～」', 
'https://hololive.hololivepro.com/wp-content/uploads/2021/05/5_ぼたん.mp4', 'https://www.youtube.com/channel/UCUKD-uaobj9jiqB-VXt71mA?sub_confirmation=1', 'https://twitter.com/shishirobotan', 'https://www.youtube.com/watch?v=Lm1k8TI790Y', 'https://www.youtube.com/watch?v=7zjvFxCetc0?t=86','https://www.youtube.com/watch?v=TNlSd-snAlo?t=104'),
(29, 1, '尾丸ポルカ', 'Omaru Polka', 7, NULL, 'h29.png', 'h29_t.png', NULL, 
'https://hololive.hololivepro.com/wp-content/uploads/2021/05/5_ぽるか.mp4', 'https://www.youtube.com/channel/UCK9V2B22uJYu3N7eR_BT9QA?sub_confirmation=1', 'https://twitter.com/omarupolka', NULL, NULL,NULL),
(30, 1, 'ラプラス・ダークネス', 'La+ Darknesss', 8, NULL, 'h30.png', 'h30_t.png', '貴様ら、刮目せよ！！', 
NULL, 'https://www.youtube.com/channel/UCENwRMx5Yh42zWpzURebzTw', 'https://twitter.com/LaplusDarknesss', NULL, NULL,NULL),
(31, 1, '鷹嶺ルイ', 'Takane Lui', 8, NULL, 'h31.png', 'h31_t.png', NULL, 
'https://hololive.hololivepro.com/wp-content/uploads/2020/07/movie_lui.mp4', 'https://www.youtube.com/channel/UCs9_O1tRPMQTHQ-N_L6FU2g', 'https://twitter.com/takanelui', 'https://www.youtube.com/watch?v=jYWhdr73i6A', 'https://www.youtube.com/watch?v=O0aSJdN3mVY','https://www.youtube.com/watch?v=5t60NWXXkQI'),
(32, 1, '博衣こより', 'Hakui Koyori', 8, NULL, 'h32.png', 'h32_t.png', NULL, 
'https://hololive.hololivepro.com/wp-content/uploads/2020/07/movie_koyori.mp4', 'https://www.youtube.com/channel/UC6eWCld0KwmyHFbAqK3V-Rw', 'https://twitter.com/hakuikoyori', 'https://www.youtube.com/watch?v=7ctmEk_35Yc', 'https://www.youtube.com/watch?v=Mt5SB2igQUM','https://www.youtube.com/watch?v=PIK13uH30gg'),
(33, 1, '沙花叉クロヱ', 'Sakamata Chloe', 8, NULL, 'h33.png', 'h33_t.png', NULL, 
'https://hololive.hololivepro.com/wp-content/uploads/2020/07/movie_kuroe.mp4', 'https://www.youtube.com/channel/UCIBY1ollUsauvVi4hW4cumw', 'https://twitter.com/sakamatachloe', NULL, NULL,NULL),
(34, 1, '風真いろは', 'Kazama Iroha', 8, NULL, 'h34.png', 'h34_t.png', NULL, 
'https://hololive.hololivepro.com/wp-content/uploads/2020/07/movie_iroha.mp4', 'https://www.youtube.com/channel/UC_vMYWcDjmfdpH6r4TTn1MQ', 'https://twitter.com/kazamairohach', 'https://www.youtube.com/watch?v=ZQveWRj0u5E', 'https://www.youtube.com/watch?v=au57Syx7wuQ','https://www.youtube.com/watch?v=_h0WFMNrXzM'),
(35, 1, '火威青', 'Hiodoshi Ao', 9, NULL, 'h35.png', 'h35_t.png', '「趣味は絵を描くこと。 それから仕事は、絵を描くことかな。」', 
NULL, 'https://www.youtube.com/channel/UCMGfV7TVTmHhEErVJg1oHBQ', 'https://twitter.com/hiodoshiao', NULL, NULL,NULL),
(36, 1, '音乃瀬奏', 'Otonose Kanade', 9, NULL, 'h36.png', 'h36_t.png', '「ここが私のステージだから！」', 
NULL, 'https://youtube.com/@OtonoseKanade', 'https://twitter.com/otonosekanade', NULL, NULL,NULL),
(37, 1, '一条莉々華', 'Ichijou Ririka', 9, NULL, 'h37.png', 'h37_t.png', '「この一条莉々華に任せておきなさい！」', 
NULL, 'https://www.youtube.com/@IchijouRirika', 'https://twitter.com/ichijouririka', NULL, NULL,NULL),
(38, 1, '儒烏風亭らでん', 'Juufuutei Raden', 9, NULL, 'h38.png', 'h38_t.png', '「ちょいと一席付き合ってみませんか？」', 
NULL, 'https://www.youtube.com/@JuufuuteiRaden', 'https://twitter.com/juufuuteiraden', NULL, NULL,NULL),
(39, 1, '轟はじめ', 'Todoroki Hajime', 9, NULL, 'h39.png', 'h39_t.png', '「押忍！　……なんか、番長っぽくなってきたかも！」', 
NULL, 'https://www.youtube.com/@TodorokiHajime', 'https://twitter.com/todoroki_hajime', NULL, NULL,NULL),
(40, 1, '友人A（えーちゃん）', 'Friend-A', 10, NULL, 'h40.png', 'h40_t.png', 'こんにちは、ホロライブスタッフの友人Aです。', 
'https://hololive.hololivepro.com/wp-content/uploads/2022/05/website_achan.mp4', 'https://www.youtube.com/channel/UCJFZiqLMntJufDCHc6bQixg', 'https://twitter.com/achan_UGA', 'https://www.youtube.com/watch?v=ApKuitWq-TE', 'https://www.youtube.com/watch?v=fUQALk8Ub2I','https://www.youtube.com/watch?v=fUQALk8Ub2I'),
(41, 1, '春先のどか', 'Harusaki Nodoka', 10, NULL, 'h41.png', 'h41_t.png', 'おはようございます！ホロライブ新人スタッフの春先のどかです✨', 
'https://hololive.hololivepro.com/wp-content/uploads/2022/05/website_nodoka.mp4', 'https://www.youtube.com/channel/UCJFZiqLMntJufDCHc6bQixg', 'https://twitter.com/harusakinodoka', 'https://www.youtube.com/watch?v=ApKuitWq-TE', 'https://www.youtube.com/watch?v=V1OzY9Z8vqY',NULL);

-- VTuberプロフィール情報
INSERT INTO favorite_vtuber.m_vtubers_profiles (id, vtuber_id, title, content) VALUES
(1, 1, '誕生日', '5月15日'),
(2, 1, '初配信日', '2017年9月7日'),
(3, 1, '身長', '160㎝'),
(4, 1, 'ユニット', 'ホロライブ0期生'),
(5, 1, 'イラストレーター', '<a href="https://twitter.com/ordan" target="_blank">おるだん</a>'),
(6, 1, '夢', '横浜アリーナで単独ライブがしたい！'),
(7, 1, 'ファンネーム', 'そらとも'),
(8, 1, 'ハッシュタグ', '配信タグ：#ときのそら生放送<br/>#ときのそら実況するってよ<br/>ファンアート：#そらArt'),
(9, 1, 'Words', 'そらとも:ファンネーム<br/>ぬんぬん:頷きの音が定着したもの。<br/>(๑╹ᆺ╹)この顔でぬんぬんとコメントするのが配信待機の定番になっている。'),
(10, 1, '得意な配信/よくやる配信', '歌枠、のんびりゲーム'),
(11, 1, '趣味', 'カラオケ、御朱印お参り巡り、リズムゲーム'),
(12, 1, '好きなもの', 'スイーツ、中華料理、猫、ボーカロイド'),
(13, 1, '特技', 'ホラーゲームを怖がらずに攻略すること'),
(14, 2, '誕生日', '5月23日'),
(15, 2, 'デビュー日', '2018年3月9日'),
(16, 2, '身長', '154㎝'),
(17, 2, 'ユニット', 'ホロライブ0期生'),
(18, 2, '3Dモデラー', '<a href="https://twitter.com/kuromaru9" target="_blank">kuromaru9</a>'),
(19, 2, 'ファンネーム', 'ろぼさー'),
(20, 2, 'ハッシュタグ', '配信タグ：#ロボ子生放送<br/>ファンアート：#ロボ子Art'),
(21, 3, '誕生日', '7月1日'),
(22, 3, '身長', '158cm'),
(23, 3, 'ユニット', 'ホロライブ0期生<br/>SorAZ<br/>Shotgun Rose'),
(24, 3, '3Dモデラー', '<a href="https://twitter.com/ksk_st" target="_blank">加速サトウ</a>'),
(25, 3, '夢', '誰かの記憶に残る音楽を作ること'),
(26, 3, 'ファンネーム', '開拓者'),
(27, 3, 'ハッシュタグ', 'ファンアート：#AZKiART<br/>配信タグ：#あずきんち<br/>ホロリー＆聖地巡礼：#どこAZ<br/>楽曲感想：#AZ歌<br/>ボイス感想：#AZ声<br/>ショート：#ぷちあず'),
(28, 3, 'Words', '床：感情になったときに使う言葉<br/>天井：感情になったときに使う言葉'),
(29, 3, 'Message', 'こんあずきー！AZKiです！主に歌を中心とした配信を行っています ！<br/>開拓者のみんなの心に寄り添える歌や音楽をつくれるようにこれからも頑張ります！'),
(30, 3, '得意な配信/よくやる配信', 'メイン：歌枠<br/>たまに：ゲーム'),
(31, 3, '趣味/特技/好きな動物', '曲作り/料理/シマエナガ'),
(32, 4, '誕生日', '3月5日'),
(33, 4, 'デビュー日', '2018年8月1日'),
(34, 4, '身長', '152㎝'),
(35, 4, 'ユニット', 'ホロライブ0期生'),
(36, 4, 'イラストレーター', '<a href="https://twitter.com/taikonotuki13" target="_blank">田中雄一</a>'),
(37, 4, '新衣装デザイン', '<a href="https://twitter.com/ordan" target="_blank">おるだん</a>'),
(38, 4, '夢', '誰からもエリートと思われるような唯一無二のトップエリート巫女アイドルになること！そしてずっとみんなを笑顔に出来るような人であり続ける事！'),
(39, 4, 'ファンネーム', '35Ｐ'),
(40, 4, 'ハッシュタグ', '配信タグ：#みこなま<br/>ファンアート：#miko_Art<br/>MMD作品：#さくらみこMMD'),
(41, 4, 'Words', '「にゃっはろ～！」：さくらみこ特有の挨拶<br/>「おつみこ～！」：さくらみこ特有の締めの挨拶<br/>「○○にぇ」：「ねぇ」の活用<br/>「てんたい」：天才<br/>「ぴこーん！」：閃いた音<br/>「みこ畜」：朝方まで配信をすること<br/>「エリート」：努力して頑張り続ける人のこと<br/>「しけてんにぇ～」：しけている様　結果が芳しくない<br/>「みこしってゆよ～」：実は知らない　or 巫女の力で予知している様<br/>「あっちゅ！あっちゅ！」：熱い（マグマでダメージを受けている時に使われる）'),
(42, 4, 'Message', '１人からはじまった活動がいつのまにかたくさんの仲間とそして大好きなファン（３５P）のみんなと毎日楽しく活動できてます！みんなにたくさん支えられている分、みこもみんなを毎日笑顔にさせれるようにエリートにみこらしく！配信やアイドル 活動をがんばっていくのでいつでも会いに来てにぇ！'),
(43, 4, '得意な配信/よくやる配信', 'ゲーム実況、映画同時視聴、企画、たまに歌'),
(44, 4, '特技', 'サムネ作り、全ロス（by 35P)、家庭料理'),
(45, 5, '誕生日', '3月22日'),
(46, 5, 'デビュー日', '2018年3月22日'),
(47, 5, '身長', '160㎝'),
(48, 5, 'ユニット', 'ホロライブ0期生'),
(49, 5, 'メイク担当', '<a href="https://twitter.com/_17meisai23" target="_blank">手島nari</a>'),
(50, 5, 'ファンネーム', '星詠み'),
(51, 5, 'ハッシュタグ', '配信タグ：#ほしまちすたじお<br/>ファンアート：#ほしまちぎゃらりー'),
(52, 6, '誕生日', '2月17日'),
(53, 6, '初配信日', '2018年6月1日'),
(54, 6, '身長', '162㎝'),
(55, 6, 'ユニット', 'ホロライブ1期生'),
(56, 6, 'イラストレーター', '<a href="https://twitter.com/akitake_a" target="_blank">安曇アキタケ</a>'),
(57, 6, '夢/目標', '一家に一アキロゼ！！<br/>VRやARを通してみんなにたくさん会いにいけるようになりたい！！<br/>いつかエンターテインメントショーをやってみたいな！！'),
(58, 6, 'ファンネーム', 'ロゼ隊'),
(59, 6, 'ハッシュタグ', '配信タグ：#アキびゅーわーるど<br/>ファンアート：#アロ絵'),
(60, 6, 'Message', 'みんなの生活に彩りを感じてもらえるような近所のお姉さんみたいな存在になれたら嬉しいかな～！<br/>アキロゼと一緒に色んな景色をみよう！！'),
(61, 6, '得意な配信/よくやる配信', '晩酌雑談/歌枠（懐メロ多め）/ゲーム実況<br/>求められる配信は<br/>絶叫のプロによるホラゲ実況<br/>ASMR飯テロ配信'),
(62, 6, '趣味/特技', 'お酒と料理と音ゲーが大好き！<br/>アロマテラピーインストラクター有資格<br/>ベリーダンス'),
(63, 7, '誕生日', '8月10日'),
(64, 7, '初配信日', '2018年6月2日'),
(65, 7, '身長', '154cm'),
(66, 7, 'ユニット', 'ホロライブ1期生'),
(67, 7, 'イラストレーター', '<a href="https://twitter.com/haruyuki_nijyou" target="_blank">はる雪</a>'),
(68, 7, 'ファンネーム', 'はあとん'),
(69, 7, 'ハッシュタグ', '配信タグ：#はあちゃまなう<br/>ファンアート：#はあとart'),
(70, 8, '誕生日', '10月5日'),
(71, 8, '初配信日', '2018年6月1日'),
(72, 8, '身長', '155cm'),
(73, 8, 'ユニット', 'ホロライブ1期生/ホロライブゲーマーズ'),
(74, 8, 'イラストレーター', '<a href="https://twitter.com/lemon_mito" target="_blank">凪白みと</a>'),
(75, 8, 'ファンネーム', 'すこん部/Friends'),
(76, 8, 'ハッシュタグ', '配信タグ：#フブキch<br/>ファンアート：#絵フブキ'),
(77, 8, '夢', 'みんなで沢山ライブ<br/>ソロアルバム発売<br/>MC経験<br/>すこん部のみんなと楽しいことを沢山する！'),
(78, 8, '配信中に飲んだり食べたりしているもの', 'お茶が一番好きです！特に緑茶<br/>紅茶とオレンジジュースも好き<br/>食べ物はグミやジャーキー'),
(79, 9, '誕生日', '7月22日'),
(80, 9, '初配信日', '2018年6月1日'),
(81, 9, '身長', '152cm'),
(82, 9, 'ユニット', 'ホロライブ1期生'),
(83, 9, 'イラストレーター', '<a href="https://twitter.com/halllki" target="_blank">皆村春樹</a>'),
(84, 9, '夢', '最強アイドル＆声優'),
(85, 9, 'ファンネーム', 'まつりす'),
(86, 9, 'ハッシュタグ', '配信タグ：#夏まつch<br/>ファンアート：＃祭絵'),
(87, 9, 'Words', 'Vオタ、清楚、凸待ち0人、声優、まつりす、エビフライオン、ガチャ、ドーナツ'),
(88, 9, 'Message', '自分の思うアイドルらしさを全力で魅せてやるんだから！<br/>少しのわがままは許してねっ！'),
(89, 9, '得意な配信/よくやる配信', '歌やゲームを中心にリスナーさんと楽しめることをやっていきます！'),
(90, 9, '趣味/特技/好きなもの', '趣味⇒FPSゲーム、歌うこと<br/>特技⇒柔軟、声変え<br/>好きなもの⇒VTuber、ドーナツ'),
(91, 10, '誕生日', '12月1日'),
(92, 10, '初配信日', '2018年8月8日'),
(93, 10, '身長', '148㎝'),
(94, 10, 'ユニット', 'ホロライブ2期生'),
(95, 10, 'イラストレーター', '<a href="https://twitter.com/umaiyo_puyoman" target="_blank">がおう</a>'),
(96, 10, '夢', '銀河一最強アイドル'),
(97, 10, 'ファンネーム', 'あくあクルー'),
(98, 10, 'ハッシュタグ', '配信タグ：#湊あくあ生放送<br/>ファンアート：#あくあーと'),
(99, 10, 'Words', 'オニオン、44.5、大天使、AMT、AKUKIN、<br/>( ^)o(^ )、うぱー、思い込みの狂気、ソロライブ、IQ5000、凸０、中笑い、NEKO、あくあ色'),
(100, 10, 'Message', 'みんなをあくあ色に染めちゃうんだから！！ついてきてね！'),
(101, 10, 'よくやる配信', 'オンラインゲーム中心にFPSからアクションゲームまで幅広くプレイしてます！'),
(102, 10, '趣味', '歌うこと'),
(103, 10, '好きなもの', 'アニメ、漫画、オムライス'),
(104, 10, '特技', 'ゲーム'),
(105, 11, '誕生日', '12月8日'),
(106, 11, '初配信日', '2018年8月17日'),
(107, 11, '身長', '145cm'),
(108, 11, 'ユニット', 'ホロライブ2期生'),
(109, 11, 'イラストレーター', '<a href="https://twitter.com/Tam_U" target="_blank">Tam-U</a>'),
(110, 11, 'ファンネーム', '塩っ子'),
(111, 11, '呼称', 'シオンちゃん、シオン、しおんたん'),
(112, 11, 'ハッシュタグ', '配信タグ：#紫咲シオン<br/>ファンアート：#シオンの書物'),
(113, 11, '夢', '世界のみんなを笑顔にする！！'),
(114, 11, 'Words', 'ね゛え゛ぇぇえええ<br/>ばぁ～か<br/>ブチ切れ発狂パラダイス<br/>ブラジル(トークテーマが脱線すること)<br/>クソガキ<br/>寝坊<br/>ハバ卒<br/>イン◯タ(絶対やらない)'),
(115, 11, 'よくやる配信', '歌枠、ゲーム、歌ってみたとか！！！なんでもやるよ！！'),
(116, 11, '好きなこと', '歌うこと、ゲーム、アニメ鑑賞、食べること、寝る！！！！'),
(117, 11, 'メッセージ', 'みんないつもありがとう！！！！！すしだよ！！'),
(118, 12, '誕生日', '12月13日'),
(119, 12, '初配信日', '2018年9月3日'),
(120, 12, '身長', '152㎝'),
(121, 12, 'ユニット', 'ホロライブ2期生'),
(122, 12, 'イラストレーター', '<a href="https://twitter.com/nana_kaguraaa" target="_blank">ななかぐら</a>'),
(123, 12, '夢', 'オリジナルソロ曲リリース！！<br/>ワンマンライブ！！！'),
(124, 12, 'ファンネーム', '百鬼組'),
(125, 12, 'ハッシュタグ', '配信タグ：#百鬼あやめch<br/>ファンアート：#百鬼絵巻'),
(126, 12, 'Words', '式神：業、不知火　<br/>ぽよ余：フブキちゃんが生み出したマスコットキャラクター<br/>ミーム：かわ余（リスナーの人間様達が可愛いと思った時によく使う言葉）'),
(127, 12, 'Message', 'ここまでプロフィールを見てくれてありがとう！！<br/>余の配信ではリスナーの人間様と余が皆で一緒に笑顔で楽しめる温かい場所を目標に配信を頑張っています！<br/>歌もゲームも一生懸命頑張っているのできになったら見に来てください！'),
(128, 12, '得意な配信/よくやる配信', '雑談、歌枠、晩酌'),
(129, 12, '好きなこと', '御朱印集め、アニメ鑑賞、ゲーム、神社巡り'),
(130, 13, '誕生日', '2月14日'),
(131, 13, '初配信日', '2018年9月4日'),
(132, 13, '身長', '165cm'),
(133, 13, 'ユニット', 'ホロライブ2期生'),
(134, 13, 'イラストレーター', '<a href="https://twitter.com/shima_je" target="_blank">桝石きのと</a>'),
(135, 13, 'ファンネーム', 'ちょこめいと'),
(136, 13, 'ハッシュタグ', '配信タグ：#癒月診療所<br/>ファンアート：#しょこらーと'),
(137, 14, '誕生日', '7月2日'),
(138, 14, '初配信日', '2018年9月16日'),
(139, 14, '身長', '154cm'),
(140, 14, 'ユニット', 'ホロライブ2期生'),
(141, 14, 'イラストレーター', '<a href="https://twitter.com/ui_shig" target="_blank">しぐれうい</a>'),
(142, 14, 'ファンネーム', 'スバ友'),
(143, 14, 'ハッシュタグ', '配信タグ：#生スバル<br/>ファンアート：#プロテインザスバル'),
(144, 14, '趣味など', '映画鑑賞、おさんぽ'),
(145, 15, '誕生日', '8月20日'),
(146, 15, '初配信日', '2018年12月7日'),
(147, 15, '身長', '160cm'),
(148, 15, 'ユニット', 'ホロライブゲーマーズ'),
(149, 15, 'イラストレーター', '<a href="https://twitter.com/AC______" target="_blank">泉彩</a>'),
(150, 15, 'ファンネーム', 'ミオファ（みおーんファミリー）'),
(151, 15, 'ハッシュタグ', '配信タグ：#ミオかわいい<br/>ファンアート：#みおーん絵'),
(152, 16, '誕生日', '2月22日'),
(153, 16, '初配信日', '2019年4月6日'),
(154, 16, '身長', '152cm'),
(155, 16, 'ユニット', 'ホロライブゲーマーズ'),
(156, 16, 'イラストレーター', '<a href="https://twitter.com/kami_shun0505" target="_blank">神岡ちろる</a>'),
(157, 16, '夢', 'ゲームが大好きでホロライブにやってきたけど、大好きなみんなと一緒にいることで沢山やりたいことができた！<br/>歌もダンスももちろん！ゲームも！全力で毎日楽しむ！<br/>等身大の自分で毎日応援してくれるみんなとらぶらぶちゅっちゅしたい。<br/>(切実)'),
(158, 16, 'ファンネーム', 'おにぎりゃー'),
(159, 16, 'ハッシュタグ', '配信タグ：#生おかゆ<br/>ファンアート：#絵かゆ'),
(160, 16, 'Message', 'もぐもぐおかゆ～！猫又おかゆです！<br/>普段はゲーム配信してたり歌を歌ったり楽しく暮らしてるよ！<br/>みんなからは全肯定猫って呼ばれたり、何故か有罪猫って言われたり…なんだかイメージが湧かないね！直接会いに来て～～！ばいば～い！'),
(161, 16, '趣味', '・ゲーム(せっかくなので細かい好みを書いていきます)<br/>ローグライク、RPG、シミュレーション、レトロなゲ ーム大好き<p>・MIX<br/>ホロライブに入ってから歌う機会が増えてお勉強しました。ﾑｽﾞｶｼｲ</p><p>・野球<br/>夏は頻繁に某チームを応援してます。<br/>(マスコットキャラクターが可愛くて興味を持った)</p><p>・せく♡ら<br/>“気持ち悪い”その一言で元気になってしまう。</p>'),
(162, 16, '好きなもの', 'お茶漬け、紅茶、猫ミーム、ホロライブのみんな、おにぎりゃー'),
(163, 16, '特技', '70点くらいのモノマネ、ASMR、全肯定(肯定しす ぎてツッコミができない)'),
(164, 17, '誕生日', '10月1日'),
(165, 17, '初配信日', '2019年4月13日'),
(166, 17, '身長', '156cm'),
(167, 17, 'ユニット', 'ホロライブゲーマーズ'),
(168, 17, 'イラストレーター', '<a href="https://twitter.com/fuka_hire" target="_blank">フカヒレ</a>'),
(169, 17, 'ファンネーム', 'ころねすきー'),
(170, 17, 'ハッシュタグ', '配信タグ：#生神もんざえもん<br/>ファンアート：#できたてころね'),
(171, 18, '誕生日', '1月12日'),
(172, 18, '初配信日', '2019年7月17日'),
(173, 18, '身長', '153cm'),
(174, 18, 'ユニット', 'ホロライブ３期生'),
(175, 18, 'イラストレーター', '<a href="https://twitter.com/yuukihagure" target="_blank">憂姫はぐれ</a>'),
(176, 18, '夢', '全世界野うさぎ計画！！！！！！！！！！'),
(177, 18, 'ファンネーム', '野うさぎ同盟'),
(178, 18, 'ハッシュタグ', '配信タグ：#ぺこらいぶ<br/>ファンアート：#ぺこらーと'),
(179, 18, 'Words', 'ぺこらんど<br/>– ぺこらの生まれた国<br/>◯◯ぺこ<br/>– ぺこらの語尾<br/>どんちゃん<br/>– 首元にいるうさぎ（生きてます）<br/>きtらあああああ<br/>– ｷﾀ━━━━(ﾟ∀ﾟ)━━━━!!<br/>開始ポエム<br/>– 配信の最初に綴るポエム'),
(180, 18, 'よくやる配信', 'ゲーム配信をメインに色々配信しているぺこ！'),
(181, 18, '好きなこと', '配信、ゲーム、漫画、映画、寝ること！'),
(182, 18, '呼称', 'ぺこーら、ぺこちゃん、うーペー、長'),
(183, 19, '誕生日', '4月2日'),
(184, 19, '初配信日', '2019年8月7日'),
(185, 19, '身長', '158cm'),
(186, 19, 'ユニット', 'ホロライブ3期生'),
(187, 19, 'イラストレーター', '<a href="https://twitter.com/lalalalack" target="_blank">lack</a>'),
(188, 19, '夢', '私のことをもっと知ってもらいたい、私の歌をもっともっとみんなに聞いてもらいたいな！'),
(189, 19, 'ファンネーム', 'エルフレンド'),
(190, 19, 'ハッシュタグ', '配信タグ：#フレアストリーム<br/>ファンアート：#しらぬえ'),
(191, 19, 'Message', '歌うの大好き！ゲームも大好き！でもまだまだゲームは下手っぴだけど楽しむことは誰にも負けない！<br/>     苦手なゲームも死にゲーも楽しくプレイしゃうぞ！もっと私のことを知ってくれたら嬉しいな！'),
(192, 19, '好きなもの/よくやる配信', '歌・ゲーム'),
(193, 19, '趣味', '歌う、お絵描き、推しを愛でる'),
(194, 19, '特技', '裏声なしで三オクターブくらい出る'),
(195, 20, '誕生日', '11月24日'),
(196, 20, '初配信日', '2019年8月8日'),
(197, 20, '身長', '158cm'),
(198, 20, 'ユニット', 'ホロライブ3期生'),
(199, 20, 'イラストレーター', '<a href="https://twitter.com/wait_ar" target="_blank">わたお</a>'),
(200, 20, 'ファンネーム', '白銀聖騎士団'),
(201, 20, 'ハッシュタグ', '配信タグ：#ノエルーム<br/>ファンアート：#ノエラート'),
(202, 20, '趣味', '食べること！ ゲームすること！ アニメみること！'),
(203, 20, '特技', 'まっするメトロノーム、朗読(？)、ASMR'),
(204, 20, '好きなもの', '牛丼！　三期生(LOVE♡不知火フレア) 、音響機材'),
(205, 20, 'よく行う配信の種類', 'ゲーム(アクション・RPG！)、英語勉強、雑談、ASMR、晩酌雑談、朗読(歌)'),
(206, 20, 'Words', '①口みたいな栗：団長が怒ったり悲しんだりしたときの口の形<br/>②ノエスタ：ノエルスタジオの略。主にこちらで配信してます！<br/>③テント：団長の自宅。田舎のスラム街にある。<br/>④ポップちゃん：団長が飼っているハムスター！家族です♡<br/>⑤あびゃびゃ：団長が食べてるときの音。'),
(207, 20, '夢', '大好きな三期生のみんなと一緒にライブする！'),
(208, 20, '目標', 'ゆるふわに自分らしく活動して団員さんを幸せにする！日々頑張ってる団員さんの癒しや活力になれるよう活動してます！'),
(209, 20, 'メッセージ', '生きてるだけでえらい！いつも頑張ってるキミを全力で(物理的に)支えたい。<br/>その為にもつよつよにならねば！日々ゲームや歌を修行中！<br/>白銀聖騎士団に入団して団長と一緒に良い汗を流しませんか ？！'),
(210, 21, '誕生日', '7月30日'),
(211, 21, '初配信日', '2019年8月11日'),
(212, 21, '身長', '150cm'),
(213, 21, 'ユニット', 'ホロライブ3期生'),
(214, 21, 'イラストレーター', '<a href="https://twitter.com/AkasaAi" target="_blank">あかさあい</a>'),
(215, 21, '夢', '海賊船を手に入れ、一味のキミたちと大海原へ出航し、最後には「マリンのお宝は…この景色とここにいるキミたちです」と言う予定。'),
(216, 21, 'ファンネーム', '宝鐘の一味'),
(217, 21, 'ハッシュタグ', '配信タグ：#マリン航海記<br/>ファンアート：#マリンのお宝'),
(218, 21, 'Message', 'エ◯ガキのみんな～♡イケナイ出航をしたいのであれば、マリン船長一択です！！<br/>エ◯ガキじゃないみんな～！！<br/>船長は、おもしろいと評判なのでエ◯ガキじゃなくても楽しめる可能性があります！<br/>人生経験豊富なわりに大体配信で話しつくしてもう新しいデッ キがありませんが随時入荷しているので安心してください！<br/>転職や失業する人へのアドバイスには自信があります！<br/>「実際船長のおかげで転職できた」という声を数多貰っていま す！<br/>コラボや企画なんかも積極的にするタイプなので是非、箱ごと 推してください！'),
(219, 21, '趣味', 'かわいいものを見たり買ったり、エ◯本漁り、妄想、歌、セ◯ハラ'),
(220, 21, '好きなもの', '恋愛シミュレーション、ＳＴＧ、ホロメン、お姉ちゃん、一味のキミたち♡'),
(221, 21, '特技', '歯磨き、イラスト、モノマネ'),
(222, 22, '誕生日', '4月22日'),
(223, 22, '初配信日', '2019年12月27日'),
(224, 22, '身長', '149cm'),
(225, 22, 'ユニット', 'ホロライブ4期生'),
(226, 22, 'イラストレーター', '<a href="https://twitter.com/oshioshio_info" target="_blank">おしおしお</a>'),
(227, 22, 'ファンネーム', 'へい民'),
(228, 22, 'ハッシュタグ', '配信タグ：#天界学園放送部<br/>ファンアート：#かなたーと'),
(229, 23, '誕生日', '6月6日'),
(230, 23, '初配信日', '2019年12月29日'),
(231, 23, '身長', '151㎝'),
(232, 23, 'ユニット', 'ホロライブ4期生'),
(233, 23, 'イラストレーター<br>Live2Dデザイナー', '<a href="https://twitter.com/fuumiisc" target="_blank">ふーみ</a><br/><a href="https://twitter.com/keffiy" target="_blank">けっふぃー</a>'),
(234, 23, '夢', 'オリ曲オンリー武道館ライブ<br/>オリジナルアルバムをたくさん出したい<br/>ソロライブをする<br/>アニソン担当したい<br/>声優に挑戦したい<br/>ゲームやアニメのキャラクターにな りたい<br/>コラボカフェしたい<br/>フィギュア化したい<br/>親孝行する<br/>他にもいっぱいありすぎて書ききれない！'),
(235, 23, 'ファンネーム', 'わためいと'),
(236, 23, 'ハッシュタグ', '配信タグ：#ドドドライブ<br/>ファンアート：#つのまきあーと<br/>切り抜き動画：わたわた動画'),
(237, 23, 'Words', 'WNF<br/>-毎週末開催している歌枠「わためぇ Night Fever!!」の略<br/>つのまきじゃんけん<br/>-わためのうた動画内で生まれたじゃんけんコーナー。<br/>ドドド<br/>-Twitterデビュー後２ツイート目に投稿された、わためが走り回っている足音から来ている。挨拶等で使われることがある。例：「こんばんドドド」<br/>わためNo.1<br/>-いつの間にか定着した、わためがNo.1だよという意味。たぶん。　※諸説あり今では、わためいととの合言葉みたいになっている。'),
(238, 23, 'Message', 'こんばんドドド！<br/>ホロライブ４期生の角巻わためです！<br/>歌うことが大好きで毎週ボイトレに通いながら、歌やゲームを中心に配信もしていまもしています！<br/>基本まったり癒し系な配信で、おやすみからおはようまでやっていることが多々ありが多々あります。<br/>睡眠導入にピッタリ！！！<br/>週末の夜には『わためぇ Night Fever!!』という名の歌枠をほぼ毎週開催しているのしているので、是非みんなで歌って踊りましょう！<br/>Dance Dance Dance！ Foooooooooooooo<br/>夢を叶えるため爆走中！！！<br/>一緒に武道館いこうね！！！！！'),
(239, 23, '得意な配信/よくやる配信', '歌枠、まったりゲーム'),
(240, 23, '趣味', '食う寝る遊ぶ歌う、トロコン'),
(241, 23, '好きなもの', 'ポテチ（お菓子）、ゲーム、脇パイ、わためいと'),
(242, 23, '特技', '歌、8秒でリスポーンする、つのドリル、ガン◯マリフェイス等'),
(243, 23, '推しマーク', '🐏（角のある方の羊）'),
(244, 24, '誕生日', '8月8日'),
(245, 24, '初配信日', '2020年1月3日'),
(246, 24, '身長', '150㎝'),
(247, 24, 'ユニット', 'ホロライブ4期生'),
(248, 24, 'イラストレーター', '<a href="https://twitter.com/rurudo_" target="_blank">rurudo</a>'),
(249, 24, '夢', 'ソロライブ！フルアルバム発売！海外でのライブ！'),
(250, 24, 'ファンネーム', '常闇眷属'),
(251, 24, 'ハッシュタグ', '配信タグ：#トワイライヴ<br/>ファンアート：#TOWART<br/>切り抜き：#CUTOWA'),
(252, 24, 'Words', 'こんやっぴー：はじまりの挨拶に使います！<br/>おつやっぴー：終わりの挨拶に使います！<br/>ビビ：トワの使い魔的なペットです。帽子になって監視されています。<br/>虎太郎：トワの飼っている足短猫です。愛称はこたーちです。<br/>TMT：Towa maji Tenshiの略らしいです。無許可<br/>TMD：Towa maji Devilの略。使え。<br/>YAB：YABAIとチャットに書こうとしたらミスった。意味はYABEと一緒<br/>Big草：海外ニキのLMAOってこれだよね？<br/>メンタル＆ゆっくり：トワが落ち着きます<br/>てんQ：みんないつもありがとう'),
(253, 24, '好きなゲームジャンル', 'FPS、謎解き（脱出ゲームが好き！）'),
(254, 24, '愛称', 'トワ様、トワしゃま'),
(255, 25, '誕生日', '10月10日'),
(256, 25, '初配信日', '2020年1月4日'),
(257, 25, '身長', '140cm'),
(258, 25, 'ユニット', 'ホロライブ4期生'),
(259, 25, 'イラストレーター', '<a href="https://twitter.com/kanzakihiro" target="_blank">かんざきひろ</a>'),
(260, 25, 'ファンネーム', 'ルーナイト'),
(261, 25, 'ハッシュタグ', '配信タグ：#なのらいぶ<br/>ファンアート：#ルーナート'),
(262, 26, '誕生日', '11月15日'),
(263, 26, '初配信日', '2020年8月12日'),
(264, 26, '身長', '158㎝'),
(265, 26, 'ユニット', 'ホロライブ5期生'),
(266, 26, 'イラストレーター', '<a href="https://twitter.com/rin7914" target="_blank">リン☆ユ'),
(267, 26, '夢/目標', 'ウ</a>'),
(268, 26, 'ファンネーム', '・苦手なことにも挑戦していく！<br/>・ホロライブを盛り上げていくメンバーになりたい！<br/>・ホロライブの先輩と同じステージに、一緒に立ちたい！<br/>・チャンネル登録者100万人！雪民'),
(269, 26, 'ハッシュタグ', '配信タグ：#らみらいぶ<br/>ファンアート：＃LamyArt'),
(270, 26, '趣味・特技・好きなもの', '趣味：配信、エゴサ<br/>特技：華道<br/>好きなアニメ：タイムリープ系アニメ<br/>泣けるアニメも好き'),
(271, 26, 'Message', 'ホロライブ5期生の雪花ラミィです！<br/>大好きなホロライブで、大好きなリスナーさんやホロメンとたくさん笑顔になりたいです⁽⁽ ◟(灬 ˊωˋ 灬)◞ ⁾⁾'),
(272, 26, '得意な配信/よくやる配信', '朝活：平日9時から毎日配信。内容は雑談やゲーム配信など。<br/>– 長時間配信になることが多く、長い時は5時間ほど配信している。<br/>夜活：週6日ほど22時～23時ごろから配信。<br/>– 内容は晩酌配信、ASMR、ゲーム配信など様々。'),
(273, 27, '誕生日', '3月2日'),
(274, 27, '初配信日', '2020年8月13日'),
(275, 27, '身長', '159㎝'),
(276, 27, 'ユニット', 'ホロライブ5期生'),
(277, 27, 'イラストレーター', '<a href="https://twitter.com/wanwangomigomi" target="_blank"> 西沢5㍉</a>'),
(278, 27, '夢', '全宇宙から認められるアイドルになること！<br/>全宇宙に旦那さんを作ること！'),
(279, 27, 'ファンネーム', 'ねっ子'),
(280, 27, 'Words', 'ねねアザラシ/NENESeal<br/>-ある日アザラシに似てるねって言われたことが始まり。ねねはアザラシ なの…！？<br/>ねねハズバンズコレクション<br/>-「結婚して下さい」のコメントに全て対応した結果、ものすごい数の旦 那さんをゲットすることに成功した。旦那さんたちが浮気しないように瓶詰めにしてコレクションしている。'),
(281, 27, 'Message', 'こんねね！！！！ねねでーす！！！見つけてくれてありがとう(･∞･っ)Э<br/>ねねがSUPER ULTRA ULTIMATEなアイドルになるまで、そばで成長を見守ってくれませんか？！みんなと一緒にいたらどんなことでもがんばれる気がする！！！！一緒に楽しいこと、いっぱい探しに行こう！！！！！'),
(282, 27, '趣味', '歌って踊ること！'),
(283, 27, '好きなもの', 'ねっ子のみんな！'),
(284, 27, '特技', 'イラストを描くこと！'),
(285, 28, '誕生日', '9月8日'),
(286, 28, '初配信日', '2020年8月14日'),
(287, 28, '身長', '166㎝'),
(288, 28, 'ユニット', 'ホロライブ5期生'),
(289, 28, 'イラストレーター', '<a href="https://twitter.com/ttomarii" target="_blank">トマリ</a>'),
(290, 28, '夢', '・ホロライブを教科書にのせる<br/>・新しい文化を作る'),
(291, 28, 'ファンネーム', 'SSRB'),
(292, 28, 'ハッシュタグ', '配信タグ：#ぐうたらいぶ<br/>ファンアート：#ししらーと'),
(293, 28, 'Words', 'poi（ぽいっ）<br/>-獅白ぼたんがグレネードを投げる際に発する効果音。一緒にぽいぽいしよう。<br/>麺屋ぼたん<br/>-獅白ぼたんが店主を務めるラーメン屋。ちなみに企業名は「ししろフーズ」という。<br/>ショッピングカート<br/>-獅白ぼたんがレースのような場所で移動時に使う乗り物。なお中身はSSRB民（リスナー）という噂。<br/>点呼<br/>-スパチャなどで「最後まで見るで」のコメントに対し、不意打ちでいるかどうかの呼びかけをする行為。なお返事をしようがしまいが、点呼時にししろーランドのチケットをゲットできる可能性がある。<br/>ししろーランド<br/>-獅白ぼたんが運営する遊園地（という名の訓練施設）。名物は96Gもの重力負荷がかかるジェットコースター。チケットをゲットした際はぜひ乗ってみよう、飛ぶぞ。<br/>大葉、しいたけ<br/>-獅白ぼたんが家庭菜園で育てている。大葉は合法ハーブとしてタイバと呼ぶ時もある。最近は水草を育てているようだ。<br/>ししくん、ろんちゃん<br/>-獅白ぼたんの飼い猫。たまにチュール代を前借りされガチャや競馬に突っ込まれる。'),
(294, 28, 'Message', 'ららーいおん！獅白ぼたんです。普段はぐうたらしてるけど、やる時はやる子です。<br/>ゲームはFPSとか少し得意かな！歌の時は「ホワイトライオン」から「ほらいとらいおん」になると好評の様子。よかったらぜひ聞いてみてね！'),
(295, 28, '得意な配信/よくやる配信', 'ゲーム配信が多め。'),
(296, 28, '趣味', 'ゲーム'),
(297, 28, '好きなもの', 'BOT撃ち、オレンジジュース、リスナーのみんな'),
(298, 28, '特技', '自作PC制作可能、制作した乗り物にリスナーを（無理矢理）のせる'),
(299, 29, '誕生日', '1月30日'),
(300, 29, '初配信日', '2020年8月16日'),
(301, 29, '身長', '153㎝'),
(302, 29, 'ユニット', 'ホロライブ5期生'),
(303, 29, 'イラストレーター', '<a href="https://twitter.com/itsuwa0815" target="_blank">こうましろ</a>'),
(304, 29, 'ファンネーム', '座員'),
(305, 29, 'ハッシュタグ', '配信タグ：#ポルカ公演中<br/>ファンアート：#絵まる'),
(306, 30, '誕生日', '5月25日'),
(307, 30, '初配信日', '2021年11月26日'),
(308, 30, '身長', '139cm'),
(309, 30, 'ユニット', '秘密結社holoX'),
(310, 30, 'イラストレーター', '<a href="https://twitter.com/mishima_kurone" rel="noopener" target="_blank">三嶋くろね</a>'),
(311, 30, 'ファンネーム', 'ぷらすめいと'),
(312, 30, 'ハッシュタグ', '配信タグ：#laplus_great<br/>アートタグ：#Laplus_Artdesu'),
(313, 30, '得意な配信/よくやる配信', '　'),
(314, 31, '誕生日', '6月11日'),
(315, 31, '初配信日', '2021年11月27日'),
(316, 31, '身長', '161㎝'),
(317, 31, 'ユニット', '秘密結社holoX'),
(318, 31, 'イラストレーター', '<a href="https://twitter.com/kakage0904" target="_blank">かかげ</a>'),
(319, 31, 'ファンネーム', 'ルイ友'),
(320, 31, '夢', '安心して推せるバラエティーアイドル！！<br/>笑顔と温かい気持ちを届けたい！！！'),
(321, 31, 'ハッシュタグ', '配信タグ：#たかねの見物<br/>ファンアートタグ：#Luillust'),
(322, 31, 'Words', '「まったかね～？」：鷹嶺ルイ特有の挨拶<br/>「おつルイルイ」：鷹嶺ルイ特有の締めの挨拶<br/>「○○したかね？」：疑問形の活用<br/>「鷹まってきた～！」：「高まってきた～！」という意味<br/>「PON」：ポンコツなこと<br/>「コッ☆」：イケボで言いことを言った時の締めの言葉<br/>「水こぼさないでね」：よく水をこぼしてキーボードを壊す<br/> 「K Time」：彼女は賢者になったようだ<br/>「寒／え？／は？／暖房きった？」：ルイが寒いギャグをいったこと'),
(323, 31, 'Message', '夢のためなら努力は惜しまない！<br/>みんなの笑顔のためなら頑張れる！<br/>ファン（ルイ友）のみんながいるから、私はこれからも走り続けられるよ。<br/>たまにアホなことしたり突っ走っちゃうけど、たくさんの愛でみんなに元気を届けるから応援してくれると嬉しいです！<br/>寝むれない日のお供やごはんのお供に鷹嶺ルイ、いかがですか？<br/>   あなたの毎日にとってなくてはならない存在になりたいけど無理せず推し活を楽しんでね！Luv U！'),
(324, 31, '得意な配信/よくやる配信', 'ゲーム実況、歌配信、企画、雑談'),
(325, 31, '特技', '地獄企画を考える、料理、ルイ友監視、ホークアイ'),
(326, 31, '趣味', 'アイドルを推すこと、香りを集めること、エゴサ、料理'),
(327, 31, '好きなもの', '漬物、激辛、アスパラガスビスケット、歌、ゲーム、ホロライブ、ルイ友'),
(328, 31, '推しマーク', '🥀（まだ高嶺の花と言えないけどいつか自信をもって上を向きたいという意味がある）'),
(329, 32, '誕生日', '3月15日'),
(330, 32, '初配信日', '2021年11月28日'),
(331, 32, '身長', '153㎝'),
(332, 32, 'ユニット', '秘密結社holoX'),
(333, 32, 'イラストレーター', '<a href="https://twitter.com/momoco_haru" target="_blank">ももこ</a>'),
(334, 32, 'ファンネーム', 'こよりの助手くん'),
(335, 32, '夢', 'すべての夢を叶えること！'),
(336, 32, 'ハッシュタグ', '配信タグ：#こより実験中<br/>ファンアートタグ：#こよりすけっち'),
(337, 32, 'Words', '「こんこよ～！」：あいさつ<br/>「コヨリニウム」：こよりの配信を観ることで摂取できる栄養素<br/>   「冷こよ」：冷静なこより<br/>「ココロ」：白衣のポケットに入っている相棒のロボコヨーテ第1号<br/>「こよ色」：ピンク色のこと'),
(338, 32, 'Message', 'こんこよ～！holoXの頭脳、博衣こよりだよ～！初見古参関係なく、いつ 来ても笑顔になれる配信をモットーに活動しています！いつでも会いに来てねっ(ᐡ •͈ ·̫ •͈ ᐡ)'),
(339, 32, 'よくやる配信', 'ゲーム実況中心に、歌枠、ASMR、雑談など幅広く活動しています！ 悲鳴 やリアクションに定評があるようです？<br/>毎週(火)(金)朝7:00～ホロライブ情報番組「朝こよ！」放送中！'),
(340, 32, '特技', '滑舌、クレーンゲーム、タイピング'),
(341, 32, '趣味', '歌って踊ること、演じること、謎解き、人狼、ボードゲーム、麻雀'),
(342, 32, '好きなもの', 'ゲーム、マヨネーズ、日本酒、助手くん'),
(343, 32, '推しマーク', '🧪'),
(344, 33, '誕生日', '5月18日'),
(345, 33, '初配信日', '2021年11月29日'),
(346, 33, '身長', '148cm'),
(347, 33, 'ユニット', '秘密結社holoX'),
(348, 33, 'イラストレーター', '<a href="https://twitter.com/parsley_f?s=21" rel="noopener" target="_blank">パセリ</a>'),
(349, 33, 'ファンネーム', '飼育員'),
(350, 33, '夢', '・大きな舞台でソロライブをする事<br/>・フィギュア化する事<br/>・水族館とコラボをする事'),
(351, 33, 'ハッシュタグ', '配信タグ：#またまたさかまた<br/>ファンアートタグ：#さかまた飼育日記'),
(352, 33, 'Words', '【はじめの挨拶】<br/>「ばっくばっくばく～ん」<br/>「いただきます」<br/>【終わりの挨拶】<br/>「ごちそうさまでした」<br/>【待機中のおさかな】<br/>＜＞＜<br/>【君】<br/>飼育員さん'),
(353, 33, '好きなもの', '・めんたいこ<br/>・ショートケーキ<br/>・音楽<br/>・睡眠<br/>・テーマパーク'),
(354, 33, '推しマーク', '🎣'),
(355, 34, '誕生日', '6月18日'),
(356, 34, '初配信日', '2021年11月30日'),
(357, 34, '身長', '156cm'),
(358, 34, 'ユニット', '秘密結社holoX'),
(359, 34, 'イラストレーター', '<a href="https://twitter.com/bouzumi_?s=21" rel="noopener" target="_blank">うみぼうず</a>'),
(360, 34, 'ファンネーム', 'かざま隊'),
(361, 34, 'ハッシュタグ', '配信タグ：#かざま修行中<br/>ファンアートタグ：#いろはにも絵を'),
(362, 35, '誕生日', '2月27日'),
(363, 35, '初配信日', '2023年9月9日'),
(364, 35, '身長', '171cm'),
(365, 35, 'ユニット', 'ReGLOSS'),
(366, 35, 'イラストレーター', '<a href="https://twitter.com/omu001" target="_blank">むっしゅ</a>'),
(367, 36, '誕生日', '4月20日'),
(368, 36, '初配信日', '2023年9月9日'),
(369, 36, '身長', '153cm'),
(370, 36, 'ユニット', 'ReGLOSS'),
(371, 36, 'イラストレーター', '<a href="https://twitter.com/gcmzi" target="_blank">gomzi</a>'),
(372, 37, '誕生日', '5月12日'),
(373, 37, '初配信日', '2023年9月9日'),
(374, 37, '身長', '162cm'),
(375, 37, 'ユニット', 'ReGLOSS'),
(376, 37, 'イラストレーター', '<a href="https://twitter.com/mmnummn" target="_blank">なかむら</a>'),
(377, 38, '誕生日', '45326'),
(378, 38, '初配信日', '45179'),
(379, 38, '身長', '159cm'),
(380, 38, 'ユニット', 'ReGLOSS'),
(381, 38, 'イラストレーター', '<a href="https://twitter.com/kaoming775" target="_blank">カオミン</a>'),
(382, 39, '誕生日', '6月7日'),
(383, 39, '初配信日', '2023年9月10日'),
(384, 39, '身長', '155cm'),
(385, 39, 'ユニット', 'ReGLOSS'),
(386, 39, 'イラストレーター', '<a href="https://twitter.com/atikix" target="_blank">Aちき</a>'),
(387, 40, '誕生日', '2月28日'),
(388, 40, '初出演日', '2018年2月28日'),
(389, 40, '身長', '157.1cm'),
(390, 40, 'ユニット', '事務所スタッフ'),
(391, 40, 'イラストレーター', '<a href="https://twitter.com/ordan" target="_blank">おるだん</a>'),
(392, 40, '夢', 'ホロライブを世界一のVTuberアイドル事務所にする<br/>後輩「春先のどか」と2人で、VTuber界イチの先輩後輩コンビになる<br/>仕事系ドキュメンタリー番組に密着される'),
(393, 40, 'ハッシュタグ', 'ファンアート：#絵ーちゃん<br/>定期配信：#ホロのこしかけ'),
(394, 40, 'Words', '月曜日<br/>汚い悲鳴<br/>ホロぐらのモブ'),
(395, 40, '趣味', 'ホロライブメンバーの配信・ツイート確認<br/>英語の勉強<br/>音楽/DJ'),
(396, 40, '好きなもの', '激辛料理（特にカレー）<br/>エナジードリンク'),
(397, 41, '誕生日', '5月7日'),
(398, 41, '初出演日', '2022年4月1日'),
(399, 41, '身長', '154cm'),
(400, 41, 'ユニット', '事務所スタッフ'),
(401, 41, 'イラストレーター', '<a href="https://twitter.com/ordan" target="_blank">おるだん</a>'),
(402, 41, '夢', 'えーちゃんさんのような敏腕スタッフになって、お仕事をたくさんこなせるようになりたいです！<br/>日本全国や海外のファンの皆さんが集まるイベントで、ナレーションを担当してみたいです！'),
(403, 41, 'ハッシュタグ', 'ファンアート：#のどかあーと'),
(404, 41, '趣味', 'タレントの皆さんの配信を観ること<br/>歌をうたうこと<br/>クトゥルフ神話TRPG・マーダーミステリー'),
(405, 41, '好きなもの', 'チュロス'),
(406, 41, '特技', 'きれいな画像を作ること');

-- お気に入り動画タグ情報
INSERT INTO favorite_vtuber.m_favorite_video_tags (id, tag, tag_name) VALUES
(1, 'game', 'ゲーム'),
(2, 'singing', '歌唱'),
(3, 'chat', '雑談'),
(4, 'cooking', '料理'),
(5, 'asmr', 'ASMR'),
(6, 'collaboration', 'コラボ'),
(7, 'cover', '歌ってみた'),
(8, 'funny', '面白い'),
(9, 'touching', '感動'),
(10, 'cute', '可愛い'),
(11, 'cool', 'かっこいい'),
(12, 'clip', '切り抜き'),
(13, 'official', '公式'),
(14, 'gen-0', '0期生'),
(15, '1stgen', '1期生'),
(16, 'gen-2', '2期生'),
(17, 'gamers', 'ホロライブゲーマーズ'),
(18, 'gen-3', '3期生'),
(19, 'gen-4', '4期生'),
(20, 'gen-5', '5期生'),
(21, 'holox', '秘密結社holoX'),
(22, 'regloss', 'ReGLOSS'),
(23, 'tag_office-staff', '事務所スタッフ');